success	{ "basis_references": ["obs-ad01-w0-dev-gr-02-seed"], "question": "How to develop smaller valid explanatory examples for the greedy graph capability?", "next_action": { "diagnostic": "graph", "kind": "development", "max_queries": 5, "task_id": "ad01-w0-dev-gr-02" }, "requested_resources": { "queries": 5 } }
success	{ "entry": "def ENTRY(task, oracle, max_queries=16):\n return reduce_graph(task, oracle, method=\"ddmin\", max_queries=max_queries)", "notes": "Uses the provided reduce_graph function with ddmin method to find a minimal non-bipartite subgraph." }
success	
success	{ "basis_references": ["obs-ad01-w0-dev-sw-02-seed"], "question": "Should we run a diagnostic on the unmeasured software task ad01-w0-dev-sw-02?", "next_action": { "kind": "diagnostic", "diagnostic": "software", "max_queries": 10, "task_id": "ad01-w0-dev-sw-02" }, "requested_resources": { "queries": 10 } }
success	{ "basis_references": [ "obs-c3-novel-unproductive-ad01-w0-dev-gr-02", "obs-c4-diagnostic-ad01-w0-dev-sw-02", "obs-ad01-w0-dev-gr-01-seed" ], "question": "Should we run a software diagnostic on the unmeasured task ad01-w0-dev-sw-00 to assess preservation?", "next_action": { "kind": "diagnostic", "diagnostic": "software", "max_queries": 10, "task_id": "ad01-w0-dev-sw-00" }, "requested_resources": {
success	{ "basis_references": ["obs-c3-novel-unproductive-ad01-w0-dev-gr-02", "obs-c4-diagnostic-ad01-w0-dev-sw-02"], "question": "How does the greedy graph capability perform on the first development task?", "next_action": { "kind": "development", "task_id": "ad01-w0-dev-gr-00", "max_queries": 10 }, "requested_resources": { "queries": 10 } }
success	{ "basis_references": ["obs-ad01-w0-dev-gr-00-seed", "obs-ad01-w0-dev-sw-01-seed"], "question": "Should we allocate a development episode to the unmeasured graph task ad01-w0-dev-gr-00?", "next_action": { "kind": "development", "diagnostic": "graph", "max_queries": 5, "task_id": "ad01-w0-dev-gr-00" }, "requested_resources": { "queries": 5 } }
success	{"entry": "def ENTRY(task, oracle, max_queries=16):\n result = reduce_graph(task, oracle, method=\"ddmin\", max_queries=max_queries)\n return {\"candidate\": result[\"candidate\"], \"queries\": result[\"queries\"]}", "notes": "Uses the provided reduce_graph with ddmin to find a minimal non-bipartite subgraph within the query budget."}
success	
success	{ "basis_references": ["obs-ad01-w0-dev-sw-00-seed"], "question": "What is the current performance of the seed capability on the task?", "next_action": { "kind": "diagnostic", "diagnostic": "software", "max_queries": 10, "task_id": "ad01-w0-dev-sw-00" }, "requested_resources": { "queries": 10 } }
success	{"basis_references": ["obs-ad01-w0-dev-gr-00-seed"], "question": "What is the next step for graph development?", "next_action": {"kind": "development", "diagnostic": "graph", "max_queries": 5, "task_id": "ad01-w0-dev-gr-00"}, "requested_resources": {"queries": 5}}
success	We are given a task: find a strictly smaller candidate subgraph of the given graph that preserves the witness (non-bipartite subgraph). The graph has vertices 0-5 and edges: [0,1], [1,2], [2,3], [3,4], [0,4], [1,5]. The witness is that the graph is non-bipartite (contains an odd cycle). The given graph has a cycle 0-1-2-3-4-0 of length 5 (odd). Also vertex 5 is attached to 1. We need to write an e
success	We are given a task to write a single Python method (ENTRY) that searches for explanatory examples (i.e., reduces the graph) for a given graph task. The task is to find a strictly smaller candidate (subgraph) that preserves the witness (non-bipartite subgraph). We have an oracle to query candidates, and we have a reduce_graph operation supplied, but we cannot import it? Actually the public operati
unknown	
success	{ "basis_references": ["obs-ad01-w0-dev-sw-01-seed"], "question": "Proceed with development for task ad01-w0-dev-sw-01?", "next_action": { "kind": "development", "diagnostic": "software", "max_queries": 5, "task_id": "ad01-w0-dev-sw-01" }, "requested_resources": { "queries": 5 } }
success	{ "basis_references": [ "obs-ad01-w0-dev-gr-01-seed", "obs-c3-novel-unproductive-ad01-w0-dev-gr-00" ], "question": "Should we run a graph diagnostic on ad01-w0-dev-gr-01 to measure the seed-gr-greedy capability?", "next_action": { "kind": "diagnostic", "diagnostic": "graph", "task_id": "ad01-w0-dev-gr-01", "max_queries": 5 }, "requested_resources": { "queries": 5 } }
success	{ "basis_references": ["obs-ad01-w1-dev-gr-02-seed"], "question": "What is the performance of the greedy algorithm on the graph task ad01-w1-dev-gr-02?", "next_action": { "kind": "diagnostic", "diagnostic": "graph", "max_queries": 10, "task_id": "ad01-w1-dev-gr-02" }, "requested_resources": { "queries": 10 } }
success	{ "basis_references": ["obs-c3-novel-unproductive-ad01-w1-dev-gr-02", "obs-ad01-w1-dev-sw-02-seed"], "question": "Which development task should be pursued next given the tie on gr-02 and unmeasured sw-02 seed?", "next_action": { "kind": "development", "max_queries": 10, "task_id": "ad01-w1-dev-gr-00" }, "requested_resources": {"queries": 10} }
success	{ "basis_references": [ "obs-c3-novel-unproductive-ad01-w1-dev-gr-02", "obs-ad01-w1-dev-sw-02-seed", "obs-ad01-w1-dev-gr-01-seed" ], "question": "Run diagnostic on software task ad01-w1-dev-sw-02 to measure seed-sw-greedy performance.", "next_action": { "kind": "diagnostic", "diagnostic": "software", "max_queries": 10, "task_id": "ad01-w1-dev-sw-02" }, "requested_resources": { "queries": 10 } }
success	{ "basis_references": ["obs-ad01-w1-dev-sw-02-seed", "obs-c4-diagnostic-ad01-w1-dev-sw-02", "obs-ad01-w1-dev-sw-01-seed"], "question": "Which software diagnostic task should be pursued next?", "next_action": { "kind": "diagnostic", "diagnostic": "software", "max_queries": 10, "task_id": "ad01-w1-dev-sw-00" }, "requested_resources": { "queries": 5 } }
success	{ "basis_references": [ "obs-c4-diagnostic-ad01-w1-dev-sw-02", "obs-c4-diagnostic-ad01-w1-dev-sw-00" ], "question": "Should we run a diagnostic on ad01-w1-dev-sw-01 to gather more data?", "next_action": { "kind": "diagnostic", "diagnostic": "software", "max_queries": 10, "task_id": "ad01-w1-dev-sw-01" }, "requested_resources": { "queries": 10 } }
success	We are given a packet with observations and need to decide next_action. The curriculum_item is null, so next_action.task_id must be one of visible_opportunities. We must choose a task to work on. The observations show several tasks with verdicts. We need to decide whether to do diagnostic or development. The next_action.kind must be diagnostic, development, or stop. The next_action.diagnostic must
success	{ "basis_references": ["obs-ad01-w1-dev-sw-02-seed", "obs-c4-diagnostic-ad01-w1-dev-sw-02"], "question": "What is the diagnostic verdict for the software greedy capability on task ad01-w1-dev-sw-02?", "next_action": { "kind": "diagnostic", "diagnostic": "software", "max_queries": 10, "task_id": "ad01-w1-dev-sw-02" }, "requested_resources": { "queries": 10 } }
success	{"basis_references": ["obs-ad01-w1-dev-sw-00-seed"], "question": "What are the key requirements for the software task ad01-w1-dev-sw-00?", "next_action": {"kind": "diagnostic", "diagnostic": "software", "max_queries": 5, "task_id": "ad01-w1-dev-sw-00"}, "requested_resources": {"queries": 5}}
success	{ "basis_references": ["obs-ad01-w1-dev-gr-00-seed"], "question": "Should we run a graph diagnostic for task ad01-w1-dev-gr-00?", "next_action": { "kind": "diagnostic", "diagnostic": "graph", "max_queries": 5, "task_id": "ad01-w1-dev-gr-00" }, "requested_resources": { "queries": 5 } }
success	{"basis_references": ["obs-ad01-w1-dev-sw-01-seed", "obs-c4-diagnostic-ad01-w1-dev-sw-00"], "question": "Run software diagnostic on current task ad01-w1-dev-sw-01 to measure performance?", "next_action": {"kind": "diagnostic", "diagnostic": "software", "max_queries": 10, "task_id": "ad01-w1-dev-sw-01"}, "requested_resources": {"queries": 10}}
success	{ "basis_references": ["obs-ad01-w1-dev-gr-01-seed", "obs-c3-novel-unproductive-ad01-w1-dev-gr-00"], "question": "Proceed with graph development for ad01-w1-dev-gr-01 after reviewing seed observation.", "next_action": { "kind": "development", "diagnostic": "graph", "max_queries": 10, "task_id": "ad01-w1-dev-gr-01" }, "requested_resources": { "queries": 10 } }
success	{ "basis_references": ["obs-ad01-w2-dev-gr-02-seed"], "question": "What is the minimal valid example for the greedy algorithm that demonstrates its correctness?", "next_action": { "kind": "diagnostic", "diagnostic": "graph", "max_queries": 10, "task_id": "ad01-w2-dev-gr-02" }, "requested_resources": { "queries": 10 } }
success	{ "basis_references": ["obs-c3-novel-unproductive-ad01-w2-dev-gr-02", "obs-ad01-w2-dev-sw-02-seed"], "question": "Should we run a software diagnostic on ad01-w2-dev-sw-02 to measure the seed-sw-greedy capability?", "next_action": { "kind": "diagnostic", "diagnostic": "software", "max_queries": 5, "task_id": "ad01-w2-dev-sw-02" }, "requested_resources": { "queries": 5 } }
success	We are given a packet with observations, visible_opportunities, remaining resources, etc. We need to decide next_action. Observations: 1. obs-c3-novel-unproductive-ad01-w2-dev-gr-02: task ad01-w2-dev-gr-02, verdict tie seed=10 novel=10. This is a graph task (gr). The control c3-novel-unproductive shows both seed and novel preserved? Actually detail: seed_final=10, seed_verdict=preserved, novel_fin
success	{ "basis_references": [ "obs-c3-novel-unproductive-ad01-w2-dev-gr-02", "obs-c4-diagnostic-ad01-w2-dev-sw-02", "obs-ad01-w2-dev-gr-01-seed" ], "question": "Run diagnostic on software task ad01-w2-dev-sw-00 to assess preservation.", "next_action": { "kind": "diagnostic", "diagnostic": "software", "max_queries": 10, "task_id": "ad01-w2-dev-sw-00" }, "requested_resources": { "queries": 10 } }
success	{ "basis_references": ["obs-c3-novel-unproductive-ad01-w2-dev-gr-02"], "question": "Run development on ad01-w2-dev-gr-00 to explore graph task performance?", "next_action": { "kind": "development", "diagnostic": "graph", "max_queries": 10, "task_id": "ad01-w2-dev-gr-00" }, "requested_resources": { "queries": 10 } }
success	{ "basis_references": ["obs-ad01-w2-dev-sw-00-seed"], "question": "How does the greedy algorithm perform on the seed software task?", "next_action": { "kind": "diagnostic", "diagnostic": "software", "max_queries": 5, "task_id": "ad01-w2-dev-sw-00" }, "requested_resources": { "queries": 5 } }
success	{ "basis_references": ["obs-c4-diagnostic-ad01-w2-dev-sw-00", "obs-ad01-w2-dev-gr-00-seed"], "question": "Is the graph capability preserved for the current curriculum item?", "next_action": { "kind": "diagnostic", "diagnostic": "graph", "task_id": "ad01-w2-dev-gr-00", "max_queries": 5 }, "requested_resources": { "queries": 3 } }
success	{ "basis_references": ["obs-ad01-w2-dev-sw-01-seed", "obs-c4-diagnostic-ad01-w2-dev-sw-00"], "question": "Can we produce a smaller valid explanatory example for the software task ad01-w2-dev-sw-01?", "next_action": { "kind": "diagnostic", "diagnostic": "software", "max_queries": 10, "task_id": "ad01-w2-dev-sw-01" }, "requested_resources": { "queries": 10 } }
success	{"basis_references": ["obs-ad01-w2-dev-gr-01-seed", "obs-c3-novel-unproductive-ad01-w2-dev-gr-00"], "question": "How to improve graph greedy capability for task ad01-w2-dev-gr-01?", "next_action": {"kind": "development", "diagnostic": "graph", "max_queries": 10, "task_id": "ad01-w2-dev-gr-01"}, "requested_resources": {"queries": 5}}
