ref	commit	retained_ancestor_anchors
backup/pre-squash-067a1fa	067a1faddd40c21356097134c67235dfca41f5bd	backup/pre-squash-067a1fa
codex/ad01-behavior-review	067a1faddd40c21356097134c67235dfca41f5bd	backup/pre-squash-067a1fa
codex/architecture-handoff	c4ac2ffcbadfb924e6e36e800d732078dfc3fc81	
codex/development-02-live-assessment	913bda791bd0fb3cf87c568fb57daea17fe4a240	backup/pre-squash-067a1fa,rescue/debloat-work,rescue/debloat-squash,origin/codex/implementation-investigation-learning-02
codex/engineering-assessment-01	07c8cb79a6570a3075378e83e7315a8bb5ff7eb5	
codex/executable-coordination-02-review	8a27a55d1adc4628e5070e6c59da279406eb90b0	
codex/implementation-development-01	60964423455dcecb076745b3bcd85db0299dfbc5	HEAD
codex/investigation-01-completion-review	77b4c62d3da5dbc6a20e74ba688a4cda13392f8b	rescue/debloat-work,rescue/debloat-squash,origin/codex/implementation-investigation-learning-02
codex/investigation-01-review	cd7e15640fc2478f14234176197b5256815d618b	rescue/debloat-work,rescue/debloat-squash,origin/codex/implementation-investigation-learning-02
codex/investigation-learning-02-acquisition-review	660a365ece07aa3c95477905f1439a0bfb465ad1	rescue/debloat-work,rescue/debloat-squash,origin/codex/implementation-investigation-learning-02
codex/investigation-learning-02-review	4027814eb2f727a508d6a14a6f07ec71762f6f38	rescue/debloat-work,rescue/debloat-squash,origin/codex/implementation-investigation-learning-02
codex/investigation-learning-02-route-audit	5e0a0ca8974752cb6e7e03bfb6b612f46b684ba8	rescue/debloat-work,rescue/debloat-squash,origin/codex/implementation-investigation-learning-02
codex/investigation-transition-review	123c21138b0f15c39303805abf1ca2d1addd7fec	rescue/debloat-work,rescue/debloat-squash,origin/codex/implementation-investigation-learning-02
codex/review-s0-s3-01	4596e9e3824cae32eb5495d157e90383f0e94a49	
codex/review-s0-s3-02	3268620cbe253b72b54fae4fda8f0869d7dc71aa	
codex/stage-09-architecture-synthesis	beb4c29fdec90ba7084ef991bfe82218ae3d191e	rescue/debloat-work,rescue/debloat-squash,origin/codex/implementation-investigation-learning-02
codex/stage-09-complete-handoff	9984baf6fbf516b5db0a9ae13b7b2c55ad784815	rescue/debloat-work,rescue/debloat-squash,origin/codex/implementation-investigation-learning-02
codex/stage-09-consolidation-review	ef36a27de948d23790a6a6f2bb6d1ee167f38ddc	rescue/debloat-work,rescue/debloat-squash,origin/codex/implementation-investigation-learning-02
codex/stage-09-handoff	4b25d0c08e31d371e986c4f60e89fadd001d9fca	rescue/debloat-work,rescue/debloat-squash,origin/codex/implementation-investigation-learning-02
codex/stage-09-local-completion	8e05c148add0b59aeb29d486eeed79a234700306	rescue/debloat-work,rescue/debloat-squash,origin/codex/implementation-investigation-learning-02
codex/stage-09-opus-completion	7e87d739344d30e3304bd6d96d38c955abcc4bce	rescue/debloat-work,rescue/debloat-squash,origin/codex/implementation-investigation-learning-02
codex/stage-09-review	0e142be20c9567c4252b267283b22d4547bbdca6	rescue/debloat-work,rescue/debloat-squash,origin/codex/implementation-investigation-learning-02
codex/stage09-clean-handoff	dfbd557f7c38fd6722eefa1b14aeb447479d24ae	rescue/debloat-work,rescue/debloat-squash
codex/stage09-expanded-study-handoff	7ebbb223af39c6d9ca1d6706c7fd96618fcf9ae9	
codex/stage09-new-worker-handoff	2d12d566064c79ca6245121e08dcb203b7e69dd6	rescue/debloat-work,rescue/debloat-squash,origin/codex/implementation-investigation-learning-02
codex/stage09-research-checkpoint	293a120685828b8e350486a1ccc16bf9615f2d5f	rescue/debloat-work,rescue/debloat-squash,origin/codex/implementation-investigation-learning-02
codex/stage09-state-inventory	60964423455dcecb076745b3bcd85db0299dfbc5	HEAD
codex/stage09-transfer-review	d0a95eb4f51fde605fc12bfb1f91140ebf8cd657	rescue/debloat-work,rescue/debloat-squash
rescue/debloat-squash	230fdcc5ec1968bf4e259e79f85953f1fd257ee9	rescue/debloat-squash
rescue/debloat-work	f79f312fa3c26a8c01e38890e28bd1465ebd16d0	rescue/debloat-work
rescue/single-squash	02c2acca993b5aa92ef8bece6ed3a90ebeee7db9	rescue/single-squash
wt/w0-archived-check	5b1479e5a2c9f63ac3bae89ba374caa82780035e	rescue/debloat-work,rescue/debloat-squash
wt/w0-host-unify	52d398d680f9979615991699b91e002c78ced08e	rescue/debloat-work,rescue/debloat-squash
wt/w0-launcher-escape	db44622ff0597607cb5146f9fe73c386a0d5b1de	rescue/debloat-work,rescue/debloat-squash
wt/w0-ledger	edee2b66b81ff9831b1707c0f8a3182541b7d84a	rescue/debloat-work,rescue/debloat-squash
wt/w0-linux-host	72f48b5ec15a099434fa2857b4851f69f67e0a01	
wt/w0-relay	01e72dcaa7c6443a8fae409c7be46cd7f1bc6ab3	rescue/debloat-work,rescue/debloat-squash
wt/w1-e1-r3	7de9891ada5a7bd1562bb6744a6aaee9c6ff04d5	rescue/debloat-work,rescue/debloat-squash
wt/w1-e1-run	ad5e9cd784b857cd0b9dd878d896886c240cb26c	
wt/w1-live-preflight	624847286613ba42cead12940830e669117854c3	rescue/debloat-work,rescue/debloat-squash
wt/w1-responses-api	3e337289d6b524dcb8b0591bd8100796ea16bd20	rescue/debloat-work,rescue/debloat-squash
wt/w1-route-contract	2fab0dfad7a582757b11b3d24090a47c1ac37abf	rescue/debloat-work,rescue/debloat-squash
wt/w1-swe-executor	13d78a5daf0c7c1da3001efdbd213413b77acf96	rescue/debloat-work,rescue/debloat-squash
wt/w2-e2-contrast	f6f4a2d8ea34881ffa1fb3908dc95f253a09d374	rescue/debloat-work,rescue/debloat-squash
wt/w2-e2-metric	d42049c291d6978c0b2d47f77595d677f1baad61	rescue/debloat-work,rescue/debloat-squash
wt/w2-e2-rerun	04ef9035096423728ab1463f427571f3a9a356ab	
wt/w2-e2-retention	a0edeaf03a6528c1b321b221412af05010a819bb	rescue/debloat-work,rescue/debloat-squash
wt/w3-reproduce	c40388e745f6d10c30e7f78d9b37d34ce7ae1c78	rescue/debloat-work,rescue/debloat-squash
wt/w4-leakage	01e72dcaa7c6443a8fae409c7be46cd7f1bc6ab3	rescue/debloat-work,rescue/debloat-squash
wt/w5-forgery	405101d02d2ac53ba04fce2e4148df53b9e484fa	
origin/codex/ad01-behavior-review	4e36a9a9dd3b664736bc2a4ba5b6bbbed3f00dd9	backup/pre-squash-067a1fa,rescue/debloat-work,rescue/debloat-squash,origin/codex/implementation-investigation-learning-02
origin/codex/ag01-demo	24a447b52b9394b92239e9b26335c3ac1d99c619	backup/pre-squash-067a1fa,rescue/debloat-work,rescue/debloat-squash,origin/codex/implementation-investigation-learning-02
origin/codex/ag01-exp	3b24332f097867050158197589313f4dbb382aad	backup/pre-squash-067a1fa,rescue/debloat-work,rescue/debloat-squash,origin/codex/implementation-investigation-learning-02
origin/codex/ag01-policy	27b9f0d4942b0cf9a28e143b0c8cb78021241f3d	backup/pre-squash-067a1fa,rescue/debloat-work,rescue/debloat-squash,origin/codex/implementation-investigation-learning-02
origin/codex/architecture-handoff	c4ac2ffcbadfb924e6e36e800d732078dfc3fc81	
origin/codex/cb01-acquire	8bbb19775e5681969b40697887f95e8495137818	backup/pre-squash-067a1fa,rescue/debloat-work,rescue/debloat-squash,origin/codex/implementation-investigation-learning-02
origin/codex/cb01-exec	1345275dd4f45b3cc159dbec2d002f118bccda5e	backup/pre-squash-067a1fa,rescue/debloat-work,rescue/debloat-squash,origin/codex/implementation-investigation-learning-02
origin/codex/cb01-source	5d79248482ab85b1170d806d2c81a46990518794	backup/pre-squash-067a1fa,rescue/debloat-work,rescue/debloat-squash,origin/codex/implementation-investigation-learning-02
origin/codex/d02live-context	556467f783cefb201909dfdef4d024736a4ae91f	backup/pre-squash-067a1fa,rescue/debloat-work,rescue/debloat-squash,origin/codex/implementation-investigation-learning-02
origin/codex/d02live-episode	5867da8cad42c478bf05042f11d59f2d92deb59c	backup/pre-squash-067a1fa,rescue/debloat-work,rescue/debloat-squash,origin/codex/implementation-investigation-learning-02
origin/codex/eng-acct	dbaee1ae3f6bdee55a8825bf1562def3a270f5d7	backup/pre-squash-067a1fa,rescue/debloat-work,rescue/debloat-squash,origin/codex/implementation-investigation-learning-02
origin/codex/eng-close1	c53049ab20d2208ad0a411bb1bc5b22cfb49ad59	backup/pre-squash-067a1fa,rescue/debloat-work,rescue/debloat-squash,origin/codex/implementation-investigation-learning-02
origin/codex/eng-close2	55304e79e81f1ee3d3c185a6fc209c88b92fb305	backup/pre-squash-067a1fa,rescue/debloat-work,rescue/debloat-squash,origin/codex/implementation-investigation-learning-02
origin/codex/eng-inva	173798fc92492cce1b3fee92ce0939087fa73460	backup/pre-squash-067a1fa,rescue/debloat-work,rescue/debloat-squash,origin/codex/implementation-investigation-learning-02
origin/codex/eng-invb	71d34a4bc706b8c3189fb96dabc93384fe6eac4a	backup/pre-squash-067a1fa,rescue/debloat-work,rescue/debloat-squash,origin/codex/implementation-investigation-learning-02
origin/codex/eng-invc	847c39d39212ec330098f2c3c0a952e42f546c82	backup/pre-squash-067a1fa,rescue/debloat-work,rescue/debloat-squash,origin/codex/implementation-investigation-learning-02
origin/codex/eng-prov	c6b6fa12fb9e430a9aa5baea9a99e7f1c99b836b	backup/pre-squash-067a1fa,rescue/debloat-work,rescue/debloat-squash,origin/codex/implementation-investigation-learning-02
origin/codex/eng-solv	eaa93b07ed92028e8071e05fe7915213dcdd4047	backup/pre-squash-067a1fa,rescue/debloat-work,rescue/debloat-squash,origin/codex/implementation-investigation-learning-02
origin/codex/engineering-assessment-01	07c8cb79a6570a3075378e83e7315a8bb5ff7eb5	
origin/codex/executable-coordination-02-review	d2d89240dd83e03c0ba60e42b597a5981e58094d	backup/pre-squash-067a1fa,rescue/debloat-work,rescue/debloat-squash,origin/codex/implementation-investigation-learning-02
origin/codex/implementation-agenda-01	051811fd59ab6d1de0f85a1be8849e94b638ebf5	backup/pre-squash-067a1fa,rescue/debloat-work,rescue/debloat-squash,origin/codex/implementation-investigation-learning-02
origin/codex/implementation-cognitive-batch-01	cb8a62a2ae1508e45ff4883f3c997791914822e1	backup/pre-squash-067a1fa,rescue/debloat-work,rescue/debloat-squash,origin/codex/implementation-investigation-learning-02
origin/codex/implementation-cognitive-batch-02	58647406e87d3375a1c08c1e5406ebcd045edb88	backup/pre-squash-067a1fa,rescue/debloat-work,rescue/debloat-squash,origin/codex/implementation-investigation-learning-02
origin/codex/implementation-development-01	60964423455dcecb076745b3bcd85db0299dfbc5	HEAD
origin/codex/implementation-development-02	913bda791bd0fb3cf87c568fb57daea17fe4a240	backup/pre-squash-067a1fa,rescue/debloat-work,rescue/debloat-squash,origin/codex/implementation-investigation-learning-02
origin/codex/implementation-executable-coordination-02	84d20948ddbef8efea38a5728edd3fddc6b3a936	rescue/debloat-work,rescue/debloat-squash,origin/codex/implementation-investigation-learning-02
origin/codex/implementation-investigation-01	44f1f7c7d6340890f9028de8ef4f3f61e344e4c1	rescue/debloat-work,rescue/debloat-squash,origin/codex/implementation-investigation-learning-02
origin/codex/implementation-investigation-01-completion	7941ab43eaf334302aec9cd108bdb9fe014f3f0c	rescue/debloat-work,rescue/debloat-squash,origin/codex/implementation-investigation-learning-02
origin/codex/implementation-investigation-01-study-readiness	a26408f089b3c9d601025cf911c4bab37e344d5b	rescue/debloat-work,rescue/debloat-squash,origin/codex/implementation-investigation-learning-02
origin/codex/implementation-investigation-learning-02	c06b3e90e6daf5b95238707664364f48abb73044	rescue/debloat-work,rescue/debloat-squash,origin/codex/implementation-investigation-learning-02
origin/codex/implementation-s0-s3	be1730ddcdba33cc40f9349875509626538fb559	HEAD,backup/pre-squash-067a1fa,rescue/debloat-work,rescue/debloat-squash,rescue/single-squash,origin/codex/implementation-investigation-learning-02
origin/codex/implementation-stage-08-close-stage-09-start	1d90c2e6c553f6ad1b03cfd6145fe4cad86c7821	rescue/debloat-work,rescue/debloat-squash,origin/codex/implementation-investigation-learning-02
origin/codex/implementation-stage-09-completion	0fba2192610033b1686217f780abca3e1ff23d92	rescue/debloat-work,rescue/debloat-squash,origin/codex/implementation-investigation-learning-02
origin/codex/implementation-stage-09-consolidation	efe73a3fe047a62ae9ad21bd10da527ccf754020	rescue/debloat-work,rescue/debloat-squash,origin/codex/implementation-investigation-learning-02
origin/codex/investigation-01-completion-review	77b4c62d3da5dbc6a20e74ba688a4cda13392f8b	rescue/debloat-work,rescue/debloat-squash,origin/codex/implementation-investigation-learning-02
origin/codex/investigation-01-review	cd7e15640fc2478f14234176197b5256815d618b	rescue/debloat-work,rescue/debloat-squash,origin/codex/implementation-investigation-learning-02
origin/codex/investigation-learning-02-acquisition-review	660a365ece07aa3c95477905f1439a0bfb465ad1	rescue/debloat-work,rescue/debloat-squash,origin/codex/implementation-investigation-learning-02
origin/codex/investigation-learning-02-review	4027814eb2f727a508d6a14a6f07ec71762f6f38	rescue/debloat-work,rescue/debloat-squash,origin/codex/implementation-investigation-learning-02
origin/codex/investigation-learning-02-route-audit	5e0a0ca8974752cb6e7e03bfb6b612f46b684ba8	rescue/debloat-work,rescue/debloat-squash,origin/codex/implementation-investigation-learning-02
origin/codex/investigation-transition-review	123c21138b0f15c39303805abf1ca2d1addd7fec	rescue/debloat-work,rescue/debloat-squash,origin/codex/implementation-investigation-learning-02
origin/codex/review-s0-s3-01	4596e9e3824cae32eb5495d157e90383f0e94a49	
origin/codex/review-s0-s3-02	3268620cbe253b72b54fae4fda8f0869d7dc71aa	
origin/codex/review01-r01-admit	0e6373545a6dab02249d806da49c33d1c380c11e	
origin/codex/review01-r01-deadline-ui	fd65c845e01e01a77c4e41fb17dc96ce07b67b92	
origin/codex/review01-r01-eval-b	240e0749d20db725fcb5a5d93822b38dd8e5c5a4	
origin/codex/review01-r01-eval-c	cb9ceca783560d014a43f0cf59af1de7ab0d1dd1	
origin/codex/review01-r01-evalexp	67383159b16ae734e19325b647a6697f1b168919	
origin/codex/review01-r01-evidence	aefebbd67683c39eaa2945b6c0fe4d0c2999b95e	
origin/codex/review01-r01-runsc	084fc1a1a378adb6c1b3bb5467c84e235e750bfa	
origin/codex/stage-09-architecture-synthesis	beb4c29fdec90ba7084ef991bfe82218ae3d191e	rescue/debloat-work,rescue/debloat-squash,origin/codex/implementation-investigation-learning-02
origin/codex/stage-09-complete-handoff	9984baf6fbf516b5db0a9ae13b7b2c55ad784815	rescue/debloat-work,rescue/debloat-squash,origin/codex/implementation-investigation-learning-02
origin/codex/stage-09-consolidation-review	ef36a27de948d23790a6a6f2bb6d1ee167f38ddc	rescue/debloat-work,rescue/debloat-squash,origin/codex/implementation-investigation-learning-02
origin/codex/stage-09-handoff	4b25d0c08e31d371e986c4f60e89fadd001d9fca	rescue/debloat-work,rescue/debloat-squash,origin/codex/implementation-investigation-learning-02
origin/codex/stage-09-local-completion	8e05c148add0b59aeb29d486eeed79a234700306	rescue/debloat-work,rescue/debloat-squash,origin/codex/implementation-investigation-learning-02
origin/codex/stage-09-opus-completion	7e87d739344d30e3304bd6d96d38c955abcc4bce	rescue/debloat-work,rescue/debloat-squash,origin/codex/implementation-investigation-learning-02
origin/codex/stage-09-review	0e142be20c9567c4252b267283b22d4547bbdca6	rescue/debloat-work,rescue/debloat-squash,origin/codex/implementation-investigation-learning-02
origin/codex/stage09-clean-handoff	dfbd557f7c38fd6722eefa1b14aeb447479d24ae	rescue/debloat-work,rescue/debloat-squash
origin/codex/stage09-expanded-study-handoff	7ebbb223af39c6d9ca1d6706c7fd96618fcf9ae9	
origin/codex/stage09-transfer-review	d0a95eb4f51fde605fc12bfb1f91140ebf8cd657	rescue/debloat-work,rescue/debloat-squash
origin/codex/task-s0-env	5697bc9ffdcc3e90c667695c19628de1216fad12	
origin/codex/task-s0-validate	164b964363dfef535f89bf27f181c77e8c51ac50	
origin/codex/task-s1-broker	f0a2cfc2a2340836a9e271f886e911ec14bedd4a	
origin/codex/task-s1-operator	09683cc8d06cab153b27883d740614bb1f541384	
origin/codex/task-s1-state	41b0767d8f90c958a7e211e87bdf67a5eb8f6442	
origin/codex/task-s2-evidence	643814b1c70a7068f1317b2f22bc169519f5834a	
origin/codex/task-s3-learning	86ad2cb5e02021dc8106b4e3671d4d9b053451cc	
origin/ec02-lane-D	da9ddad6e09b369074cebf092c61e81efa694ab6	backup/pre-squash-067a1fa,rescue/debloat-work,rescue/debloat-squash,origin/codex/implementation-investigation-learning-02
origin/ec02-lane-E	905213b099f0e1d206f13bcca44c97139766195c	backup/pre-squash-067a1fa,rescue/debloat-work,rescue/debloat-squash,origin/codex/implementation-investigation-learning-02
origin/ec02-lane-L	76b011ac2737713c3ac86058b171f3e4c976ec19	backup/pre-squash-067a1fa,rescue/debloat-work,rescue/debloat-squash,origin/codex/implementation-investigation-learning-02
origin/ec02-lane-R	0ae9d4b917ce134ba8256610aea3adcbc9cb3ced	backup/pre-squash-067a1fa,rescue/debloat-work,rescue/debloat-squash,origin/codex/implementation-investigation-learning-02
origin/ec02-lane-W	8ee510fbbdb9ca20cab454e680324d903a8ed31d	backup/pre-squash-067a1fa,rescue/debloat-work,rescue/debloat-squash,origin/codex/implementation-investigation-learning-02
origin/lane-E-explearn-learner-compare	46f59772d9300bcde5553fdfc499fc915d846d0e	rescue/debloat-work,rescue/debloat-squash,origin/codex/implementation-investigation-learning-02
origin/lane-O-typed-ast-cell	05cb36306f78a745e2263811fe2d88240b6accae	rescue/debloat-work,rescue/debloat-squash,origin/codex/implementation-investigation-learning-02
origin/lane-P-e4-revision-apparatus	329a4e6af15ac3921b9c94420d48f1b395b54314	rescue/debloat-work,rescue/debloat-squash,origin/codex/implementation-investigation-learning-02
origin/lane-d-dispatch-settle	f6479c79c4233d0d5a4e7c9d9f617bb8c5eea04d	rescue/debloat-work,rescue/debloat-squash,origin/codex/implementation-investigation-learning-02
origin/lane-f-c17-reasoning-effort	09ed89aae6cd25b09d00849bb20168e37e5b16fa	rescue/debloat-work,rescue/debloat-squash,origin/codex/implementation-investigation-learning-02
origin/lane-h-agenda-m1-team	2860c4491f7165f44c457ee37e0141ed837708bb	rescue/debloat-work,rescue/debloat-squash,origin/codex/implementation-investigation-learning-02
origin/lane-k-invc3-startswith	887817a8145e8194c4e2c039c5cc6ddad5e568fd	rescue/debloat-work,rescue/debloat-squash,origin/codex/implementation-investigation-learning-02
origin/lane-m-e3-fitted-allocation-control	5dc89fd24824c73cdc0ac43da4bd85627c79de08	rescue/debloat-work,rescue/debloat-squash,origin/codex/implementation-investigation-learning-02
origin/lane-q-live-gateway-seam	820723e1c836842aef926cffa59bb624c1c45efa	rescue/debloat-work,rescue/debloat-squash,origin/codex/implementation-investigation-learning-02
origin/worktree-agent-a2419f5c6f2327835	f228109e8aa066d41d58f8947e6d78a89d24819d	rescue/debloat-work,rescue/debloat-squash,origin/codex/implementation-investigation-learning-02
origin/worktree-agent-a41f8c605b1877ee9	00591b1b50966f6a84319b30b7bf78c20ff1d0fb	rescue/debloat-work,rescue/debloat-squash,origin/codex/implementation-investigation-learning-02
origin/worktree-agent-a73c0d70996158bda	e72fe97799c2a6d7809fd58e9ff9e692ec2b5736	rescue/debloat-work,rescue/debloat-squash,origin/codex/implementation-investigation-learning-02
origin/worktree-agent-ab2865dc27257733e	6e274641d0e5b84def5436ca02719883431df031	rescue/debloat-work,rescue/debloat-squash,origin/codex/implementation-investigation-learning-02
origin/worktree-agent-ac74959aceacea0a7	e29edebdf46a244cd768be3bb00b8f75045818c4	rescue/debloat-work,rescue/debloat-squash,origin/codex/implementation-investigation-learning-02
origin/worktree-agent-adcd66776e08fb743	7dc597ed9301cd6edb78c4ce07523ef50d11640c	rescue/debloat-work,rescue/debloat-squash,origin/codex/implementation-investigation-learning-02
origin/wt/ad01-env	6929023cc866f3d00b004a077a7cfeaf1998f524	backup/pre-squash-067a1fa,rescue/debloat-work,rescue/debloat-squash,origin/codex/implementation-investigation-learning-02
origin/wt/ad01-traj	bd181508d5fba0d1a41c3bcfbd1e128ca4f0e3e1	backup/pre-squash-067a1fa,rescue/debloat-work,rescue/debloat-squash,origin/codex/implementation-investigation-learning-02
origin/wt/cbr01	d9d85cef76fc029da8632159aa36374249752804	backup/pre-squash-067a1fa,rescue/debloat-work,rescue/debloat-squash,origin/codex/implementation-investigation-learning-02
origin/wt/cbr02	ee0e282fd837371f1e5338a4664088c11193930d	backup/pre-squash-067a1fa,rescue/debloat-work,rescue/debloat-squash,origin/codex/implementation-investigation-learning-02
origin/wt/ec02-exec	96a528ae72cc80b44a3e0e7f160919fe225375be	backup/pre-squash-067a1fa,rescue/debloat-work,rescue/debloat-squash,origin/codex/implementation-investigation-learning-02
origin/wt/ec02-state	7987aae10b4b8342cb0e5a6c26b2c0591f8b3a4d	backup/pre-squash-067a1fa,rescue/debloat-work,rescue/debloat-squash,origin/codex/implementation-investigation-learning-02
origin/wt/ec02-verif	d0a0690a8379c791ad76e9e7df54cd9aeeb2468a	backup/pre-squash-067a1fa,rescue/debloat-work,rescue/debloat-squash,origin/codex/implementation-investigation-learning-02
origin/wt/inv-a-baseline	b9f548096aa33dec488b2e81246d16d12903fd64	rescue/debloat-work,rescue/debloat-squash,origin/codex/implementation-investigation-learning-02
origin/wt/inv-b1-contracts	c317254e2582669c043a698e504e26a383bb15ec	rescue/debloat-work,rescue/debloat-squash,origin/codex/implementation-investigation-learning-02
origin/wt/inv-b2-state	503e844d5dce274f1a1a3446ce09630617a0af16	rescue/debloat-work,rescue/debloat-squash,origin/codex/implementation-investigation-learning-02
origin/wt/inv-b3-coord02	92a16ea54635e08c9ff0784242df2711d94c779a	rescue/debloat-work,rescue/debloat-squash,origin/codex/implementation-investigation-learning-02
origin/wt/inv-b4-trajectory	d59c8095163ca68531fb0576f43a2c4ba80c9e03	rescue/debloat-work,rescue/debloat-squash,origin/codex/implementation-investigation-learning-02
origin/wt/inv-c-qualify	dab30056495fdb7ce578087e74574f6d11db9d82	rescue/debloat-work,rescue/debloat-squash,origin/codex/implementation-investigation-learning-02
origin/wt/inv-c1-lifecycle	fad7e7eb9502f1e528eb0defcad405e51bf93b3d	rescue/debloat-work,rescue/debloat-squash,origin/codex/implementation-investigation-learning-02
origin/wt/inv-c2-authority	0663565a06d86ffe417154120cd283190889a008	rescue/debloat-work,rescue/debloat-squash,origin/codex/implementation-investigation-learning-02
origin/wt/inv-c3-study	4f7efcfac10d972b71a213ea5ca129342ebaff7c	rescue/debloat-work,rescue/debloat-squash,origin/codex/implementation-investigation-learning-02
origin/wt/inv-d-liveprep	68f16dc019e9a389d1cce94c35ec76ec29b236ba	rescue/debloat-work,rescue/debloat-squash,origin/codex/implementation-investigation-learning-02
origin/wt/inv-d1-dispatch	6c288a778fe247b7853640328d294adab00f6a34	rescue/debloat-work,rescue/debloat-squash,origin/codex/implementation-investigation-learning-02
origin/wt/inv-d2-settle	124d0b8bf514828059e2964fda554b1cc91f4b66	rescue/debloat-work,rescue/debloat-squash,origin/codex/implementation-investigation-learning-02
origin/wt/inv-d3-envelope	1dc7f7cb78c660f8fdb1f70e30b7007e014caffa	rescue/debloat-work,rescue/debloat-squash,origin/codex/implementation-investigation-learning-02
origin/wt/inv-e-review	b22dd9fd36c4d0d84aff91a8119f2942e35e8a01	rescue/debloat-work,rescue/debloat-squash,origin/codex/implementation-investigation-learning-02
origin/wt/inv-f1-seam	0d6b9051bd270d70accd96b4c382b0c1f23ed543	rescue/debloat-work,rescue/debloat-squash,origin/codex/implementation-investigation-learning-02
origin/wt/inv-f2-loop	1f27c99783d1e0cfc2fc66064ce3719a0018a4d8	rescue/debloat-work,rescue/debloat-squash,origin/codex/implementation-investigation-learning-02
origin/wt/inv-f3-reports	2f7da9619951d9a255d38ced50927d6e9be6c889	rescue/debloat-work,rescue/debloat-squash,origin/codex/implementation-investigation-learning-02
origin/wt/inv-g1-restore	758e415f3fb1f523e27f90ce997ac1f942be906f	rescue/debloat-work,rescue/debloat-squash,origin/codex/implementation-investigation-learning-02
origin/wt/inv-g2-coord02	d168a25f787e1f324ebaa0f7c2b76665acc3e6f7	rescue/debloat-work,rescue/debloat-squash,origin/codex/implementation-investigation-learning-02
origin/wt/inv-g3-ad01	1d47fb20ae355977b816a436d78006965fa049bd	rescue/debloat-work,rescue/debloat-squash,origin/codex/implementation-investigation-learning-02
origin/wt/inv-h5-residual	196245c23cb0562536e77d5959549a56162ea125	rescue/debloat-work,rescue/debloat-squash,origin/codex/implementation-investigation-learning-02
origin/wt/inv-h6-findings	9876ac6a331541da4b6b61cbcead339314b5bcb8	rescue/debloat-work,rescue/debloat-squash,origin/codex/implementation-investigation-learning-02
origin/wt/inv-r-sem	ca1a646d26d696fd70476a8ec5a5d53e07a04a67	rescue/debloat-work,rescue/debloat-squash,origin/codex/implementation-investigation-learning-02
origin/wt/inv-r-state	248447ba4265ff79d97070ed104f42a8c1b4f6b0	rescue/debloat-work,rescue/debloat-squash,origin/codex/implementation-investigation-learning-02
origin/wt/inv-r1-entry	695bc85bab3bf4d9421dac6d2dfb3cdc1f7ac002	rescue/debloat-work,rescue/debloat-squash,origin/codex/implementation-investigation-learning-02
origin/wt/inv-r2-resume	8e1abd15b29a63715ba775fd3025920ad622356a	rescue/debloat-work,rescue/debloat-squash,origin/codex/implementation-investigation-learning-02
origin/wt/inv-r3-export	96b5c4cd8177fd52e21d90f45e060eb224194ff1	rescue/debloat-work,rescue/debloat-squash,origin/codex/implementation-investigation-learning-02
origin/wt/inv-rereview	74a0ad46b343d3ca734a5bd541c72176f942bad1	rescue/debloat-work,rescue/debloat-squash,origin/codex/implementation-investigation-learning-02
origin/wt/inv-review	9d74ea793ba4e9b769a16fd31af0012ab75dea55	rescue/debloat-work,rescue/debloat-squash,origin/codex/implementation-investigation-learning-02
origin/wt/inv-x-ag01	e825e57e05b267bcd96fed2b327b685cfab8aad0	rescue/debloat-work,rescue/debloat-squash,origin/codex/implementation-investigation-learning-02
origin/wt/invl02-harden	cafacef32aab29d0a694f9e6823639104492b998	rescue/debloat-work,rescue/debloat-squash,origin/codex/implementation-investigation-learning-02
origin/wt/invl02-json	8b3314e8c8b5e5a7e2ac440879dc140b5dcd687d	rescue/debloat-work,rescue/debloat-squash,origin/codex/implementation-investigation-learning-02
origin/wt/invl02-live	b593238ee8ea47d7c3bcee6886367fc921c7012c	rescue/debloat-work,rescue/debloat-squash,origin/codex/implementation-investigation-learning-02
origin/wt/invl02-r123	a9df8ddf6bf7c9b36acf5722680dfa2414d889cb	rescue/debloat-work,rescue/debloat-squash,origin/codex/implementation-investigation-learning-02
origin/wt/invl02-web	a02a1d0611679498254028338901c1ab6cbb8a72	rescue/debloat-work,rescue/debloat-squash,origin/codex/implementation-investigation-learning-02
origin/wt/live-e	84ab41f641558d46f2b72d8dad001d74c8df26b1	backup/pre-squash-067a1fa,rescue/debloat-work,rescue/debloat-squash,origin/codex/implementation-investigation-learning-02
origin/wt/live2	a36741fdb8d2ed79dd423abff48b3235aaf36443	backup/pre-squash-067a1fa,rescue/debloat-work,rescue/debloat-squash,origin/codex/implementation-investigation-learning-02
origin/wt/m0-baseline	769d2f42f0d0babbe0b8b3ffde2ac73947190dd8	rescue/debloat-work,rescue/debloat-squash,origin/codex/implementation-investigation-learning-02
origin/wt/m1-exec	9fa550c678e9c121d59c672a6626de99bb502632	rescue/debloat-work,rescue/debloat-squash,origin/codex/implementation-investigation-learning-02
origin/wt/m2-frontier	9d8e66f22bc04c3855faf494619c70f1cff93035	rescue/debloat-work,rescue/debloat-squash,origin/codex/implementation-investigation-learning-02
origin/wt/m3-rule	be09bd638781d15de5a6e6bee6fce57721bc97e9	rescue/debloat-work,rescue/debloat-squash,origin/codex/implementation-investigation-learning-02
origin/wt/m4-offline	6a898105a76ebd822028e1071c5859c6c5538cbf	rescue/debloat-work,rescue/debloat-squash,origin/codex/implementation-investigation-learning-02
origin/wt/s09-c1	bd116de4ba036c217e05a41b597d2630730e323c	rescue/debloat-work,rescue/debloat-squash,origin/codex/implementation-investigation-learning-02
origin/wt/s09-c2b	79c5b3ab467a1600da28689b44c1d9e31fe5cb1a	rescue/debloat-work,rescue/debloat-squash,origin/codex/implementation-investigation-learning-02
origin/wt/s09-m1	3cbbd10f0c91d4413432f2b8278cf76ea6c1bc9c	rescue/debloat-work,rescue/debloat-squash,origin/codex/implementation-investigation-learning-02
origin/wt/s09-m2	0497c219c0557cee98b481453d98a98c11453fa3	rescue/debloat-work,rescue/debloat-squash,origin/codex/implementation-investigation-learning-02
origin/wt/s09-m34	ab2d28d221f36237de96ef6eb8182e87dd52a1ab	rescue/debloat-work,rescue/debloat-squash,origin/codex/implementation-investigation-learning-02
origin/wt/s09-m5	2abfffe534dc9ea45569cffc116fb6ea49c0c01f	rescue/debloat-work,rescue/debloat-squash,origin/codex/implementation-investigation-learning-02
origin/wt/s09-m6fix	f77f495935c31956762746e8cfbbd9c4ea8433da	rescue/debloat-work,rescue/debloat-squash,origin/codex/implementation-investigation-learning-02
origin/wt/s89-a1-contract	3fb31a842ece6647e2e36d2a2e3fe539dce1ad6d	rescue/debloat-work,rescue/debloat-squash,origin/codex/implementation-investigation-learning-02
origin/wt/s89-a2-diagnostic	dd5741041c335f2f356e666fce68666c6c813785	rescue/debloat-work,rescue/debloat-squash,origin/codex/implementation-investigation-learning-02
origin/wt/s89-a3	28c0ec737687dbef1b82411c79aa2912321a54f1	rescue/debloat-work,rescue/debloat-squash,origin/codex/implementation-investigation-learning-02
origin/wt/s89-b1	3ba894981aff37ae91ec0cf05dd14fe02e55981c	rescue/debloat-work,rescue/debloat-squash,origin/codex/implementation-investigation-learning-02
origin/wt/s89-b2	dff7a0d6f282f0e82ab99d7b6605f57f6e30e8b8	rescue/debloat-work,rescue/debloat-squash,origin/codex/implementation-investigation-learning-02
