test_file,total,categories
tests/_heavy_archived/test_adv_isolation.py,1,Z_unrooted=1
tests/_heavy_archived/test_aled_campaign.py,1,Z_unrooted=1
tests/_heavy_archived/test_broker_dbos.py,2,F_dbos=2
tests/_heavy_archived/test_eacq_repair.py,1,Z_unrooted=1
tests/_heavy_archived/test_ec02ad_verif.py,1,B_venv_path=1
tests/_heavy_archived/test_eng_invb_dispatch.py,1,Z_unrooted=1
tests/_heavy_archived/test_n36_containment.py,2,K_preexec=2
tests/_heavy_archived/test_n36_refusal_strand.py,1,K_preexec=1
tests/_heavy_archived/test_r01_experiment.py,1,Z_unrooted=1
tests/_heavy_archived/test_r01_recovery.py,5,D_pg_dump=4;L_regex=1
tests/_heavy_archived/test_r02_explearn.py,1,Z_unrooted=1
tests/_heavy_archived/test_r03_flow.py,4,D_pg_dump=3;L_regex=1
tests/_heavy_archived/test_rec_restore.py,4,E_pg_unavailable=4
tests/_heavy_archived/test_rpr07_resume.py,1,E_pg_unavailable=1
tests/_heavy_archived/test_rpr13_endtoend.py,1,Z_unrooted=1
tests/_heavy_archived/test_run_bounded.py,27,B_venv_path=27
tests/_heavy_archived/test_s09_bound_use_proof.py,9,G_exec_authority=1;H_PolicyNotProved=8
tests/_heavy_archived/test_s09_n201_claim_ledger.py,1,Z_unrooted=1
tests/_heavy_archived/test_s09iso_stale_sweep.py,7,B_venv_path=7
tests/_heavy_archived/test_s3_experiment.py,1,Z_unrooted=1
tests/test_a17_policy_state_owner.py,1,C_git_shallow=1
tests/test_a40_admission_wired.py,3,Z_unrooted=3
tests/test_a41_reuse_id.py,2,Z_unrooted=2
tests/test_a42_chain_demonstration.py,3,Z_unrooted=3
tests/test_ad01_live_acquired_ddmin.py,3,G_exec_authority=3
tests/test_ag01_experiment.py,2,Z_unrooted=2
tests/test_aleb_construct.py,1,Z_unrooted=1
tests/test_alec_episode.py,1,Z_unrooted=1
tests/test_alee_learner.py,1,Z_unrooted=1
tests/test_bacq_method.py,1,Z_unrooted=1
tests/test_binding_provenance.py,1,I_LiveRefused=1
tests/test_c8_gate_review.py,1,Z_unrooted=1
tests/test_evidence_integrity.py,5,I_LiveRefused=5
tests/test_evidence_supersession.py,2,Z_unrooted=2
tests/test_final_accept_findings.py,2,Z_unrooted=2
tests/test_inv_a_chain.py,1,Z_unrooted=1
tests/test_inv_b14_retention.py,6,C_git_shallow=3;Z_unrooted=3
tests/test_inv_b17_budget_fit.py,1,Z_unrooted=1
tests/test_inv_d1_documents.py,3,C_git_shallow=1;Z_unrooted=2
tests/test_inv_r1_use_policy.py,1,G_exec_authority=1
tests/test_inv_z2_red_audit.py,1,Z_unrooted=1
tests/test_invc3_export.py,1,Z_unrooted=1
tests/test_invc3_study.py,1,Z_unrooted=1
tests/test_invr1_study_entry.py,1,Z_unrooted=1
tests/test_m0_plan_claims.py,7,Z_unrooted=7
tests/test_m2_frontier_inherit.py,1,Z_unrooted=1
tests/test_output_evidence.py,6,L_regex=3;Z_unrooted=3
tests/test_p2c_ad01_resweep.py,3,E_pg_unavailable=2;Z_unrooted=1
tests/test_production_execution_authority.py,2,L_regex=1;Z_unrooted=1
tests/test_r01_deadline_ui.py,6,A_stub_leak=6
tests/test_r02_authority.py,4,D_pg_dump=1;F_dbos=2;L_regex=1
tests/test_r123_gates.py,2,I_LiveRefused=2
tests/test_r4_live_blockers.py,5,A_stub_leak=5
tests/test_r_final_freeze_and_chain.py,2,Z_unrooted=2
tests/test_rec_checkpoint.py,3,D_pg_dump=2;L_regex=1
tests/test_resume_exposure_fidelity.py,7,A_stub_leak=7
tests/test_route_refusal_fidelity.py,5,A_stub_leak=5
tests/test_rpr01_db.py,1,Z_unrooted=1
tests/test_s09_a7_a8_study_admission.py,2,A_stub_leak=2
tests/test_s09_a8_adoption.py,2,A_stub_leak=2
tests/test_s09_a8_production_adoption.py,3,A_stub_leak=3
tests/test_s09_doubles_forensics.py,1,Z_unrooted=1
tests/test_s09_e3_ladder.py,9,A_stub_leak=9
tests/test_s09_e3_sever.py,7,A_stub_leak=7
tests/test_s09_e3_store.py,7,A_stub_leak=7
tests/test_s09_learner_revision_accounting.py,9,A_stub_leak=9
tests/test_s09_lineage_direction.py,6,A_stub_leak=6
tests/test_s09_matrix_size.py,3,C_git_shallow=2;Z_unrooted=1
tests/test_s09_merged_tip_regression.py,2,Z_unrooted=2
tests/test_s09_n206_unreserved_calls.py,1,A_stub_leak=1
tests/test_s09_normalizers.py,5,J_xpass=5
tests/test_s09_persist_execution.py,6,A_stub_leak=6
tests/test_s09_policy_governance.py,5,G_exec_authority=5
tests/test_s09_r6_small_defects.py,1,A_stub_leak=1
tests/test_s09_r7_output_problems.py,5,A_stub_leak=5
tests/test_s09_receipt_readback.py,1,A_stub_leak=1
tests/test_s09_run_use_policy.py,1,G_exec_authority=1
