test_id,file,cause_group,evidence_line,verdict
"test_worker_credential_reachability","tests/_heavy_archived/test_adv_isolation.py","L-scrub-env-pythonpath","L13-72; keys include PYTHONPATH, expected [LANG, PATH, SETTLEMENT_OPERATION] (test_adv_isolation.py:86, exec_profile.py:136)","code-defect"
"test_campaign_constructs_and_retains_acquired","tests/_heavy_archived/test_aled_campaign.py","B-authority-guard","L85-124; executed_source reads refused (test_aled_campaign.py:272); the only in-file writer of executed_source=refused reachable without a dsn is method_exec.py:1132-1134, but the log does not record which one ran","code-defect"
"test_attempt_workflow_runs_two_ops_to_completion","tests/_heavy_archived/test_broker_dbos.py","G-dbos3","L137-182; DBOS Error 3: config sets database_url, removed in DBOS 3.0 (broker.py:1424, dbos/_dbos_config.py:172)","code-defect"
"test_duplicate_workflow_id_never_resends","tests/_heavy_archived/test_broker_dbos.py","G-dbos3","L183-234; same DBOS Error 3 at broker.py:1424","code-defect"
"test_validation_child_work_comes_from_the_model","tests/_heavy_archived/test_eacq_repair.py","Z-unrooted","L247-290; assert gw.calls is empty (test_eacq_repair.py:222); execution_admitted passed on :216, and the log does not say which of the four early returns in entry.dispatch_admitted_child:392-418 fired","unrooted"
"test_verif_fresh_clone_import_and_collect","tests/_heavy_archived/test_ec02ad_verif.py","A-venv-path","L303-530; FileNotFoundError /home/ubuntu/AI/Agent-Society-v2/.venv/bin/pytest (test_ec02ad_verif.py:1165)","code-defect"
"test_from_settings_honors_responses_shape","tests/_heavy_archived/test_eng_invb_dispatch.py","J-responses-route-refusal","L543-570; AttributeError: GatewayError has no attribute (text) at test_eng_invb_dispatch.py:194, refusal at gateway_http.py:924-932","code-defect"
"test_a_declared_read_deny_actually_denies","tests/_heavy_archived/test_n36_containment.py","C-landlock-preexec","L582-629; child-setup-failed: SubprocessError: Exception occurred in preexec_fn. (test_n36_containment.py:70)","environment"
"test_the_deny_does_not_break_a_child_that_needs_only_its_work_tree","tests/_heavy_archived/test_n36_containment.py","C-landlock-preexec","L631-699; child-setup-failed: SubprocessError at test_n36_containment.py:70","environment"
"test_a_confinement_capable_host_still_denies_rather_than_silently_running","tests/_heavy_archived/test_n36_refusal_strand.py","C-landlock-preexec","L712-750; child-setup-failed: SubprocessError at test_n36_refusal_strand.py:257","environment"
"test_cli_deterministic_end_to_end_and_live_refusal","tests/_heavy_archived/test_r01_experiment.py","E-script-import","L763-811; ModuleNotFoundError: No module named (experiments) at run_live_abc.py:135 (test_r01_experiment.py:221)","code-defect"
"test_checkpoint_detects_concurrent_write","tests/_heavy_archived/test_r01_recovery.py","D-pgdump-regex","L859-881; Actual message: pg_dump failed: server version mismatch (server 18.6, pg_dump 16.15) at test_r01_recovery.py:162","environment"
"test_deterministic_run_reports_acquisition_and_estimates","tests/_heavy_archived/test_r02_explearn.py","E-script-import","L1035-1083; ModuleNotFoundError: No module named (experiments) at run_live_abc.py:135 (test_r02_explearn.py:246)","code-defect"
"test_checkpoint_refuses_continuation_commit_mid_backup","tests/_heavy_archived/test_r03_flow.py","D-pgdump-regex","L1096-1120; Actual message: pg_dump failed: server version mismatch at test_r03_flow.py:227","environment"
"test_restore_refuses_source_and_non_fresh_target","tests/_heavy_archived/test_rec_restore.py","F-local-socket-dsn","L1343-1412; connection to server on socket /var/run/postgresql/.s.PGSQL.5432 failed (test_rec_restore.py:27)","code-defect"
"test_restore_roundtrip_verifies_manifest","tests/_heavy_archived/test_rec_restore.py","F-local-socket-dsn","L1272-1341; same socket DSN failure at test_rec_restore.py:27","code-defect"
"test_restore_tamper_reports_failure_never_partial","tests/_heavy_archived/test_rec_restore.py","F-local-socket-dsn","L1414-1483; same socket DSN failure at test_rec_restore.py:27","code-defect"
"test_restored_db_predating_effect_reconciles","tests/_heavy_archived/test_rec_restore.py","F-local-socket-dsn","L1485-1565; same socket DSN failure at test_rec_restore.py:27","code-defect"
"test_fresh_database_is_not_resume","tests/_heavy_archived/test_rpr07_resume.py","M-owner-ubuntu-role","L1578-1630; psycopg.errors.UndefinedObject: role (ubuntu) does not exist at test_rpr07_resume.py:302","code-defect"
"test_no_candidate_path","tests/_heavy_archived/test_rpr13_endtoend.py","H-refused-record-scored","L1643-1697; assert report[clean] with score-without-oracle-evidence B-gr-eva-00..05 (test_rpr13_endtoend.py:466, checker.py:168)","code-defect"
"test_a_bad_invocation_is_refused_not_run","tests/_heavy_archived/test_run_bounded.py","A-venv-path","L6973-7196; FileNotFoundError .venv/bin/python (subprocess.py:1991)","code-defect"
"test_a_bound_that_is_reached_reports_a_timeout_and_not_a_pass","tests/_heavy_archived/test_run_bounded.py","A-venv-path","L2108-2314; FileNotFoundError .venv/bin/python (subprocess.py:1991)","code-defect"
"test_a_child_status_is_reported_unless_it_collides_with_ours[0-0]","tests/_heavy_archived/test_run_bounded.py","A-venv-path","L4953-5153; FileNotFoundError .venv/bin/python (subprocess.py:1991)","code-defect"
"test_a_child_status_is_reported_unless_it_collides_with_ours[1-1]","tests/_heavy_archived/test_run_bounded.py","A-venv-path","L5155-5355; FileNotFoundError .venv/bin/python (subprocess.py:1991)","code-defect"
"test_a_child_status_is_reported_unless_it_collides_with_ours[123-123]","tests/_heavy_archived/test_run_bounded.py","A-venv-path","L5559-5759; FileNotFoundError .venv/bin/python (subprocess.py:1991)","code-defect"
"test_a_child_status_is_reported_unless_it_collides_with_ours[124-128]","tests/_heavy_archived/test_run_bounded.py","A-venv-path","L5761-5961; FileNotFoundError .venv/bin/python (subprocess.py:1991)","code-defect"
"test_a_child_status_is_reported_unless_it_collides_with_ours[125-129]","tests/_heavy_archived/test_run_bounded.py","A-venv-path","L5963-6163; FileNotFoundError .venv/bin/python (subprocess.py:1991)","code-defect"
"test_a_child_status_is_reported_unless_it_collides_with_ours[126-130]","tests/_heavy_archived/test_run_bounded.py","A-venv-path","L6165-6365; FileNotFoundError .venv/bin/python (subprocess.py:1991)","code-defect"
"test_a_child_status_is_reported_unless_it_collides_with_ours[127-131]","tests/_heavy_archived/test_run_bounded.py","A-venv-path","L6367-6567; FileNotFoundError .venv/bin/python (subprocess.py:1991)","code-defect"
"test_a_child_status_is_reported_unless_it_collides_with_ours[130-130]","tests/_heavy_archived/test_run_bounded.py","A-venv-path","L6569-6769; FileNotFoundError .venv/bin/python (subprocess.py:1991)","code-defect"
"test_a_child_status_is_reported_unless_it_collides_with_ours[200-200]","tests/_heavy_archived/test_run_bounded.py","A-venv-path","L6771-6971; FileNotFoundError .venv/bin/python (subprocess.py:1991)","code-defect"
"test_a_child_status_is_reported_unless_it_collides_with_ours[9-9]","tests/_heavy_archived/test_run_bounded.py","A-venv-path","L5357-5557; FileNotFoundError .venv/bin/python (subprocess.py:1991)","code-defect"
"test_a_child_that_fails_keeps_its_own_status","tests/_heavy_archived/test_run_bounded.py","A-venv-path","L1906-2106; FileNotFoundError .venv/bin/python (subprocess.py:1991)","code-defect"
"test_a_command_that_cannot_start_is_its_own_outcome","tests/_heavy_archived/test_run_bounded.py","A-venv-path","L2545-2738; FileNotFoundError .venv/bin/python (subprocess.py:1991)","code-defect"
"test_a_command_that_does_not_name_pytest_gets_no_summary_requirement","tests/_heavy_archived/test_run_bounded.py","A-venv-path","L3151-3351; FileNotFoundError .venv/bin/python (subprocess.py:1991)","code-defect"
"test_a_command_that_succeeds_reports_its_own_zero","tests/_heavy_archived/test_run_bounded.py","A-venv-path","L1711-1904; FileNotFoundError .venv/bin/python (subprocess.py:1991)","code-defect"
"test_a_corrupt_holder_file_is_reclaimable_not_a_crash","tests/_heavy_archived/test_run_bounded.py","A-venv-path","L4744-4951; FileNotFoundError .venv/bin/python (subprocess.py:1991)","code-defect"
"test_a_pytest_that_exits_zero_without_a_summary_is_not_a_pass","tests/_heavy_archived/test_run_bounded.py","A-venv-path","L2740-2954; FileNotFoundError .venv/bin/python (subprocess.py:1991)","code-defect"
"test_a_pytest_that_finishes_is_recognised_as_finished","tests/_heavy_archived/test_run_bounded.py","A-venv-path","L2956-3149; FileNotFoundError .venv/bin/python (subprocess.py:1991)","code-defect"
"test_a_refused_runner_leaves_a_foreign_slot_alone","tests/_heavy_archived/test_run_bounded.py","A-venv-path","L4536-4742; FileNotFoundError .venv/bin/python (subprocess.py:1991)","code-defect"
"test_a_refused_slow_file_runs_when_the_lane_opts_in","tests/_heavy_archived/test_run_bounded.py","A-venv-path","L3548-3741; FileNotFoundError .venv/bin/python (subprocess.py:1991)","code-defect"
"test_a_second_runner_on_a_held_slot_is_refused","tests/_heavy_archived/test_run_bounded.py","A-venv-path","L3743-3936; FileNotFoundError .venv/bin/python (subprocess.py:1991)","code-defect"
"test_a_slot_is_released_when_its_runner_exits","tests/_heavy_archived/test_run_bounded.py","A-venv-path","L3938-4133; FileNotFoundError .venv/bin/python (subprocess.py:1991)","code-defect"
"test_a_slot_whose_holder_was_killed_is_reclaimed","tests/_heavy_archived/test_run_bounded.py","A-venv-path","L4135-4335; FileNotFoundError .venv/bin/python (subprocess.py:1991)","code-defect"
"test_a_slot_with_no_holder_record_is_reclaimed_only_once_it_is_stale","tests/_heavy_archived/test_run_bounded.py","A-venv-path","L4337-4534; FileNotFoundError .venv/bin/python (subprocess.py:1991)","code-defect"
"test_a_slow_file_is_refused_before_it_starts","tests/_heavy_archived/test_run_bounded.py","A-venv-path","L3353-3546; FileNotFoundError .venv/bin/python (subprocess.py:1991)","code-defect"
"test_the_timeout_kills_the_whole_process_group_not_just_the_child","tests/_heavy_archived/test_run_bounded.py","A-venv-path","L2316-2543; FileNotFoundError .venv/bin/python (subprocess.py:1991)","code-defect"
"test_substitution_changes_the_admitted_action_with_the_repertoire_fixed","tests/_heavy_archived/test_s09_bound_use_proof.py","B-authority-guard","L7471-7519; PolicyNotProved at s09_bound_use_proof.py:285","code-defect"
"test_substitution_changes_the_candidate_the_episode_produces","tests/_heavy_archived/test_s09_bound_use_proof.py","B-authority-guard","L7521-7568; PolicyNotProved at s09_bound_use_proof.py:285","code-defect"
"test_substitution_is_backed_by_the_policy_that_governs_use","tests/_heavy_archived/test_s09_bound_use_proof.py","B-authority-guard","L7570-7636; PolicyNotProved at s09_bound_use_proof.py:285","code-defect"
"test_the_bound_policy_admits_no_use_action_at_all","tests/_heavy_archived/test_s09_bound_use_proof.py","B-authority-guard","L7306-7349; PolicyNotProved at s09_bound_use_proof.py:285","code-defect"
"test_the_bound_policy_executes_in_a_fresh_interpreter","tests/_heavy_archived/test_s09_bound_use_proof.py","B-authority-guard","L7209-7247; PolicyNotProved raised at s09_bound_use_proof.py:285, test calls with no authority at :95","code-defect"
"test_the_fresh_process_runs_the_real_scrubbed_launcher","tests/_heavy_archived/test_s09_bound_use_proof.py","B-authority-guard","L7249-7304; PolicyNotProved at s09_bound_use_proof.py:285, test calls with no authority at :124","code-defect"
"test_the_report_names_the_operational_policy_as_governing","tests/_heavy_archived/test_s09_bound_use_proof.py","B-authority-guard","L7420-7469; PolicyNotProved at s09_bound_use_proof.py:285","code-defect"
"test_the_step_fixture_satisfies_the_real_step_abi","tests/_heavy_archived/test_s09_bound_use_proof.py","B-authority-guard","L7374-7418; PolicyNotProved at s09_bound_use_proof.py:285, test calls with no authority at :197","code-defect"
"test_the_two_vocabularies_refuse_each_others_use_action","tests/_heavy_archived/test_s09_bound_use_proof.py","B-authority-guard","L7351-7372; assert ""unknown policy action kind: (use)"" in (refused: execution needs explicit authority and identity) at test:189","code-defect"
"test_a_claim_is_recorded_before_the_worker_is_spawned","tests/_heavy_archived/test_s09_n201_claim_ledger.py","K-parked-popen","L7649-7694; sent False, refused_reason child-setup-failed: OSError: parked before spawn (test_s09_n201_claim_ledger.py:257, launcher_local.py:888-933)","code-defect"
"test_a_held_lock_is_visible_to_another_backend","tests/_heavy_archived/test_s09iso_stale_sweep.py","A-venv-path","L7708-7768; FileNotFoundError .venv/bin/python (subprocess.py:1820)","code-defect"
"test_a_holder_that_exits_on_its_own_leaves_no_marker","tests/_heavy_archived/test_s09iso_stale_sweep.py","A-venv-path","L8260-8337; FileNotFoundError .venv/bin/python (subprocess.py:1820)","code-defect"
"test_a_live_holders_marker_survives_the_clear_itself","tests/_heavy_archived/test_s09iso_stale_sweep.py","A-venv-path","L8189-8258; FileNotFoundError .venv/bin/python (subprocess.py:1820)","code-defect"
"test_a_live_run_is_excluded_even_when_its_database_passes_the_age_bound","tests/_heavy_archived/test_s09iso_stale_sweep.py","A-venv-path","L7833-7896; FileNotFoundError .venv/bin/python (subprocess.py:1820)","code-defect"
"test_a_live_runs_marker_survives_its_own_sweep","tests/_heavy_archived/test_s09iso_stale_sweep.py","A-venv-path","L8118-8187; FileNotFoundError .venv/bin/python (subprocess.py:1820)","code-defect"
"test_a_sigkilled_pytest_run_leaves_a_database_the_next_run_reclaims","tests/_heavy_archived/test_s09iso_stale_sweep.py","A-venv-path","L7898-8116; FileNotFoundError .venv/bin/python (subprocess.py:1991)","code-defect"
"test_sigkill_releases_the_lock_so_a_killed_run_counts_as_abandoned","tests/_heavy_archived/test_s09iso_stale_sweep.py","A-venv-path","L7770-7831; FileNotFoundError .venv/bin/python (subprocess.py:1820)","code-defect"
"test_budget_quarantine_cancel_while_dispatched","tests/_heavy_archived/test_s3_experiment.py","I-unknown-op-reserve","L8350-8390; assert insufficient_resources == invalid_input (test_s3_experiment.py:237, store.py:875)","code-defect"
