ts	phase	decision	why	evidence	result
2026-09-22T05:08:00Z	frame	took the assignment on branch codex/stage-09-opus-completion cut from the 76-pass checkpoint 8e05c14	the checkpoint report is the authority on what is already verified, so start exactly there and do not trust older handbacks	git rev-parse HEAD = 8e05c148add0b59aeb29d486eeed79a234700306	branch created, tree clean
2026-09-22T05:12:00Z	frame	confirmed local and origin tips of codex/stage-09-local-completion are the same commit	the assignment says to confirm the exact SHA after fetching rather than assume an older local copy	git rev-parse of local and origin ref both 8e05c14	remote backup confirmed
2026-09-22T05:15:00Z	harness	wrote D:/AI/s09o/gate.sh to run every gate through WSL with PYTHONPATH pinned and output saved to a log	an earlier run had $PWD expanded wrong by Windows-to-WSL quoting, and progress dots are not a pass	D:/AI/s09o/gate.sh	harness in place, prints settlement.__file__ before each run
2026-09-22T05:25:36Z	harness	ran the 15-file Stage 9 gate set as the pre-change baseline	needed an old value to compare against before touching production code	D:/AI/s09o/logs/baseline.log	84 passed in 648.34s, exit 0
2026-09-22T05:35:00Z	design	named the policy assessment data shape before writing code: panel, frozen rule, per-arm decisions/effects/quality/resources	the existing evaluator scored a policy with a task-method reducer, so the wrong data shape was the actual defect	D:/AI/s09o/plan.md	plan written, rigor set high
2026-09-22T05:38:00Z	jev-1	ran the plan-coverage check with five separate typed questions plus a weakest-area choice	a single is-this-good score would not have told me which part of the plan was weak	reports/jev/s09-opus-c1-plan-response.json	policy execution 0.93, binding scope 0.87, persistence 0.64, weakest area production_ownership 0.78
2026-09-22T05:40:00Z	jev-1	changed the plan instead of re-asking: raised the rigor on production ownership and made the public path refuse an injected consumer	Jev flagged production ownership as weakest and I agreed with it on my own reading	D:/AI/s09o/plan.md	plan amended, no rephrasing of the question
2026-09-22T05:45:00Z	fanout	ran the assessor build and the adversarial review as two parallel lanes on disjoint files	the review needed no new API so it could run while the module was being written	D:/AI/s09o/review-adversary.md	both lanes returned, assessor 8 passed verified by me independently
2026-09-22T05:50:00Z	adv-02	removed the release fallback substitution in selection.select_member	every disposition reaching selection is a promoting one, so the branch could only ever run unassessed bytes while the use record still named the requested capability	experiments/ad01/selection.py, tests/test_s09o_boundary.py	red 3 failed then green 3 passed
2026-09-22T05:52:00Z	adv-03	projected observations through packet.project_observations inside policy_step.materialize_view	the sealed answer was entering the view an untrusted policy reads, so the fix belongs where the data enters, not at the prompt	experiments/ad01/policy_step.py	probe secret no longer reachable, legitimate feedback still reaches the policy
2026-09-22T05:55:00Z	adv-03	rewrote my own assertion after it failed for the wrong reason, and added a check that legitimate feedback survives	production drops a sealed observation entirely rather than stripping it, which is stricter than I guessed; an always-empty view would otherwise pass	tests/test_s09o_boundary.py	contract asserted, not the mechanism I assumed
2026-09-22T06:00:00Z	verify	reran every gate the shared selector and view change could reach	a change to a shared selector needs more than its own test	D:/AI/s09o/logs/affected.log	126 passed, 25 skipped, 5 errors all from a missing ec02test_adtr database
2026-09-22T06:01:00Z	verify	stashed my edits and reran test_ad01_traj.py to get a reproducer for those 5 errors	a failure is not environmental until it reproduces without my change	D:/AI/s09o/logs/adtraj-baseline.log	identical 5 errors and 26 passed at baseline, so pre-existing and owned elsewhere
2026-09-22T06:45:00Z	u3-u4	delegated the driver wiring with the design already decided: resolve bound policy bytes from records.load_freeze via the binding provenance	the binding row already pins proposal_id and candidate_digest and the freeze already stores the exact source, so no new table was needed	D:/AI/s09o/worker-u34-brief.md	delegate stayed inside its three owned files
2026-09-22T06:50:00Z	u3-u4	kept the delegate diff after auditing it myself	it checks the integration hinge explicitly and binds from the durable assessment record rather than the in-memory return, which is stronger than I asked for	experiments/ad01/trajectory.py:734-887, 890-943	accepted, 250 insertions 23 deletions, git diff --check clean
2026-09-22T06:55:00Z	migrate	migrated test_feedback_constructs_and_freezes_policy_without_premature_promotion to the changed contract	production no longer stops at frozen/pending because it now really assesses; the test purpose was no premature promotion and that is still the point	tests/test_s09c2a_actions.py	kept the zero-releases assertion, added both-arm step_calls > 0 so a skipped assessment cannot pass
2026-09-22T07:00:00Z	verify	ran the integrated gate on the merged source	the units are only worth anything together	D:/AI/s09o/logs/integrated.log	106 passed, exit 0, 337.08s, no failures
2026-09-22T07:10:00Z	jev-2	ran the causal and evidence separation check against the real integrated source, not a summary	a conclusion fed back to itself proves nothing, so it got the changed functions and the observed counts	reports/jev/s09-opus-c2-causal-response.json	exact byte activation 0.94, production ownership 0.90, bypass 0.21, causal 0.68, stage closure 0.22
2026-09-22T07:15:00Z	jev-2	treated the 0.68 on the causal question as a gap in my evidence and ran a discriminating check	digest equality cannot show that bytes drive behaviour, and Jev was right that nothing yet discriminated	tests/test_s09o_causal.py	two policies produce different recorded sequences, 3 passed
2026-09-22T07:20:00Z	jev-2	added a whitespace-only negative control alongside the discriminating test	without it, the first test could have been measuring digest identity rather than behaviour	tests/test_s09o_causal.py	different digest, identical behaviour, same recorded sequence
2026-09-22T07:25:00Z	jev-2	accepted the 0.22 on stage closure and did not claim Stage 9 complete	it agrees with my own reading: export verification, the rewired comparison and the live study are all still open	reports/opus-completion/STATUS.md	stage left open, remaining work named
2026-09-22T07:30:00Z	verify	reran the causal and new suites myself and checked the delegate had touched no production file	I own every delegate diff, and a summary is not evidence	D:/AI/s09o/logs/causal-verify.log	30 passed, exit 0, zero prohibited lifecycle calls, git diff --stat empty
2026-09-22T15:05:00Z	jev-design	asked Jev whether my offline verification check set was sufficient before writing it	cheaper to be told the design is weak than to implement it and find out	reports/jev/s09-opus-c3a-verify-design-response.json	sufficiency 0.24, key-name leak check 0.19, top omission no_incumbent_comparison_evidence
2026-09-22T15:20:00Z	jev-design	rewrote the check set: recompute quality from the frozen corpus, search for literal sealed values, require real incumbent-arm evidence, export decision sequences	the first draft trusted runtime counts, checked leaks by key name only, and never required the incumbent arm to have actually run	D:/AI/s09o/verify-design-v2.md	circularity 0.85, value leak 0.90, fake incumbent 0.90
2026-09-22T15:25:00Z	jev-design	stopped after two Jev rounds even though aggregate sufficiency stayed at 0.27	every specific mechanism scored 0.85 to 0.90 while the aggregate barely moved, and the weakest-check answer had 0.15 confidence on a flat spread; my aggregate question demanded that nothing rest on trusting the runtime, which resource measurements always will	reports/jev/s09-opus-c3b-verify-design-v2-response.json	design accepted, boundary stated instead of chasing the number
2026-09-22T15:40:00Z	u6	delegated export plus offline verification with the hardened check set	records.py is a big shared file so one writer owned it end to end	D:/AI/s09o/worker-u6-brief.md	13 new tests, red 13 failed then green, regression held at 109
2026-09-22T15:45:00Z	review-2	ran the byte-path review concurrently with U6 on disjoint ownership	the review needed no new API and its findings would shape what I fixed next	D:/AI/s09o/review-bytepath.md	two exploitable findings in code I had already accepted
2026-09-22T15:55:00Z	bp-01	refused a policy-supplied candidate in the sealed assessment	the reviewer bound a policy that never investigated: it copied the task witness, dropped one operation and returned the answer inline for zero queries	experiments/ad01/policy_assess.py	red 2 failed then green 3 passed
2026-09-22T15:58:00Z	bp-02	added policy step_calls to the comparison cost, and left child wall time out of it	compute was free, so a candidate could buy quality with unbounded steps; wall time is not deterministic and would break the finite rule	experiments/ad01/policy_assess.py	a 40-step candidate now loses to a 2-step incumbent on a one-task gain
2026-09-22T16:00:00Z	bp-01	kept the sealed-task-field test as a guard but claimed no leak	it passed before any change, so that leak does not reproduce; the exploit used the task’s legitimately visible witness, not a sealed key	tests/test_s09o_integrity.py	invariant pinned, no unsupported claim made
2026-09-22T16:05:00Z	verify	ran the 21-file integrated gate after the assessor change	changing the comparison rule can silently alter every prior verdict	D:/AI/s09o/logs/integrated2.log	125 passed, exit 0, 294.01s
2026-09-22T17:10:00Z	u8	discarded an interrupted worker’s partial 449-line pilot diff instead of building on it	it had no tests and no verification, and a half-finished change from a killed agent hides breakage; the brief made redoing it cheap	D:/AI/s09o/abandoned-pilot-partial.patch	preserved as a 29KB patch first, then reset, pilot baseline reconfirmed at 15 passed
2026-09-22T17:20:00Z	u8	refused to migrate the two failing pilot tests and sent the worker back instead	the tests were right and the change was wrong: one asserted the real construction budget, the other asserted honest attribution of an absent arm	tests/test_s09m5_pilot.py:141,168	both kept, no assertion weakened
2026-09-22T17:25:00Z	u8	resolved the per-arm versus per-domain construction budget from the contract and the existing test	the cap sheet says 4 calls total as 1 initial plus 1 repair per arm, and the passing test showed P1 at 1 call and P2 at 2, so a per-domain candidate scheme doubles candidate spend	reports/jev/s09-opus-c3c-schedule-response.json	one candidate per arm 0.85, per-domain violates the cap 0.91
2026-09-22T17:30:00Z	u8	decided the domain an arm’s single candidate does not cover runs the incumbent with explicit attribution	a policy is scoped to one family, so one candidate covers one domain, and the alternative was overspending the cap or reusing bytes across families	reports/jev/s09-opus-c3c-schedule-response.json	chosen at 0.93 with 0.91 confidence, the highest confidence answer of the run
2026-09-22T17:35:00Z	u8	drew the line between required bookkeeping and a false claim	recording an absent arm as incumbent with a reason naming the absence is required; presenting it as a successful revised arm is forbidden	reports/opus-completion/WORKER-U8-BRIEF.md	both prior tests pass unchanged
2026-09-22T17:45:00Z	verify	ran the 22-file integrated gate and checked the pilot for direct lifecycle calls	the pilot could have reached green by calling the lifecycle itself, which would defeat the whole point	D:/AI/s09o/logs/integrated3.log	133 passed, exit 0, 391.33s, zero forbidden calls
2026-09-22T20:05:00Z	live-preflight	found no study gateway configured anywhere and resolved one from the reachable catalogue instead	all SETTLEMENT_* vars unset in Windows and WSL, no .env, no shell init; the only credential present was the gateway key already used by the evaluator	reports/opus-completion/FROZEN-LIVE-CONFIG.md	endpoint and key resolved, not invented
2026-09-22T20:10:00Z	live-preflight	filtered 386 gateway models to 78 zero-cost, then to the 10 that can emit text at all	a zero-cost video or image model cannot construct a policy, so the catalogue count alone was misleading	reports/jev/s09-opus-c4-prelive-request.json	10 candidate language models
2026-09-22T20:15:00Z	live-preflight	smoke tested two candidates and pinned the one that returned HTTP 200 with a measured billed cost of zero	a listed price is a claim; the response usage block is a measurement	D:/AI/s09o/logs/live-study.log	laguna 503 unusable, ling-3.0-flash-vl-free returned valid def STEP at cost 0
2026-09-22T20:25:00Z	jev-prelive	stopped before launching because two pre-launch claims scored below 0.5	exposure control 0.35 and free-model enforcement 0.41 were both fair: the task was still unstripped in the view and the cost abort was a sentence, not code	reports/jev/s09-opus-c4-prelive-response.json	launch blocked until both were mechanical
2026-09-22T20:40:00Z	prelive	stripped the task from the policy view and implemented the spend guard	with doubles the raw task was harmless, but a live provider is a third party, and an unimplemented abort protects nothing	experiments/ad01/policy_step.py, scripts/s09_pilot.py	red 8 failed then 8 passed, regression held at 133
2026-09-22T20:45:00Z	prelive	made absent cost a refusal rather than an assumed zero	a response shape that omits cost would otherwise defeat the entire guard	tests/test_s09o_prelive.py	covered by its own test
2026-09-22T21:20:00Z	live	ran the authorized live study against the real gateway through the real adapter	the mechanism was only ever exercised with doubles before this	D:/AI/s09o/logs/live-study.log	exit 0, 16 episodes, 24 use records, 15 model calls, guard 19/100, no refusal
2026-09-22T21:25:00Z	live	reported the study incomplete with both treatment arms missing	the free model produced no valid executable policy for P1 or P2, and substituting the incumbent would have manufactured a result	evidence_s09_live_opus/report.json	status incomplete, missing_arms P1 and P2, no comparison verdict
2026-09-22T21:30:00Z	live	recomputed the exports in a fresh process with no gateway and an unreachable database	the offline claim is worthless unless the database is genuinely absent	D:/AI/s09o/logs/live-recompute.log	recomputed counts match the live accounting exactly
2026-09-22T21:35:00Z	live	recorded the offline verifier failing on 7 unattributable operations as a real defect, not a verifier fault	the contract requires a settled receipt to stay attributable even when decoding fails, and these operations have none	evidence_s09_live_opus/verify.json	defect named, Jev agreed at 0.86
2026-09-22T21:40:00Z	jev-final	checked every final claim against the raw outcomes before writing them	a report that grades itself is not evidence	reports/jev/s09-opus-c5-final-response.json	stage closure 0.16, learning claim 0.10, live label accurate, incomplete honest 0.92, next bottleneck receipt attributability 0.85
